Location	AS_Type	Gene_Name	Database	Gencode_Transcript_IDs	Refseq_Transcript_IDs
#B2M ,chr15 ,+ ,44711512 ,44718145
chr15_+_44715422_44715701	CE	B2M	RG	ENST00000559916.1,ENST00000648006.3	NM_004048.4
chr15_+_44716328_44716356	CE	B2M	RG	ENST00000648006.3	NM_004048.4
chr15_+_44711613_44715422	IR	B2M	RG	ENST00000559916.1,ENST00000648006.3	XM_005254549.4,NM_004048.4
chr15_+_44715701_44716328	IR	B2M	RG	ENST00000559916.1,ENST00000648006.3	NM_004048.4
chr15_+_44716356_44717606	IR	B2M	RG	ENST00000648006.3	NM_004048.4
