Location	AS_Type	Gene_Name	Database	Gencode_Transcript_IDs	Refseq_Transcript_IDs
#CCND2 ,chr12 ,+ ,4273761 ,4305353
chr12_+_4276004_4276220	CE	CCND2	RG	ENST00000675880.1,ENST00000261254.8	NM_001759.4
chr12_+_4278759_4278919	CE	CCND2	RG	ENST00000675880.1,ENST00000261254.8	NM_001759.4
chr12_+_4285274_4285316	CE	CCND2	G	ENST00000675880.1	-
chr12_+_4288841_4288990	CE	CCND2	RG	ENST00000675880.1,ENST00000261254.8	NM_001759.4
chr12_+_4274235_4276004	IR	CCND2	RG	ENST00000675880.1,ENST00000261254.8	NM_001759.4
chr12_+_4276220_4278759	IR	CCND2	RG	ENST00000675880.1,ENST00000261254.8	NM_001759.4
chr12_+_4278919_4288841	IR	CCND2	RG	ENST00000261254.8	NM_001759.4
chr12_+_4278919_4285274	IR	CCND2	G	ENST00000675880.1	-
chr12_+_4285316_4288841	IR	CCND2	G	ENST00000675880.1	-
chr12_+_4288990_4299859	IR	CCND2	RG	ENST00000675880.1,ENST00000261254.8	NM_001759.4
