Location	AS_Type	Gene_Name	Database	Gencode_Transcript_IDs	Refseq_Transcript_IDs
#CDKN1B ,chr12 ,+ ,12717367 ,12722369
1_chr12_+_12718824	AA	CDKN1B	G	ENST00000614874.2	-
1_chr12_+_12721035	AA	CDKN1B	RG	ENST00000228872.9	NM_004064.5
1_chr12_+_12721064	AA	CDKN1B	G	ENST00000396340.1	-
chr12_+_12718824_12718954	CE	CDKN1B	RG	ENST00000228872.9	NM_004064.5
chr12_+_12718314_12718824	IR	CDKN1B	RG	ENST00000614874.2,ENST00000228872.9	NM_004064.5
chr12_+_12718314_12721064	IR	CDKN1B	G	ENST00000396340.1	-
chr12_+_12718954_12721035	IR	CDKN1B	RG	ENST00000228872.9	NM_004064.5
