Location	AS_Type	Gene_Name	Database	Gencode_Transcript_IDs	Refseq_Transcript_IDs
#FSTL3 ,chr19 ,+ ,676391 ,683392
1_chr19_+_680774	AD	FSTL3	G	ENST00000588773.5	-
1_chr19_+_680812	AD	FSTL3	G	ENST00000605925.3	-
1_chr19_+_680879	AD	FSTL3	G	ENST00000592947.5	-
chr19_+_677791_677977	CE	FSTL3	RG	ENST00000166139.9	NM_005860.3
chr19_+_680273_680489	CE	FSTL3	RG	ENST00000166139.9	NM_005860.3
chr19_+_681332_681560	CE	FSTL3	RG	ENST00000166139.9,ENST00000592947.5,ENST00000588773.5,ENST00000605925.3	NM_005860.3
chr19_+_676526_677791	IR	FSTL3	RG	ENST00000166139.9	NM_005860.3
chr19_+_677977_680273	IR	FSTL3	RG	ENST00000166139.9	NM_005860.3
chr19_+_680489_681332	IR	FSTL3	RG	ENST00000166139.9	NM_005860.3
chr19_+_680774_681332	IR	FSTL3	G	ENST00000588773.5	-
chr19_+_680812_681332	IR	FSTL3	G	ENST00000605925.3	-
chr19_+_680879_681332	IR	FSTL3	G	ENST00000592947.5	-
chr19_+_681560_681649	IR	FSTL3	RG	ENST00000166139.9,ENST00000592947.5,ENST00000588773.5,ENST00000605925.3	NM_005860.3
