Location	AS_Type	Gene_Name	Database	Gencode_Transcript_IDs	Refseq_Transcript_IDs
#HOXA9 ,chr7 ,- ,27162437 ,27165537
1_chr7_-_27164877	AD	HOXA9	RG	ENST00000343483.7	NM_152739.4
1_chr7_-_27165108	AD	HOXA9	G	ENST00000673744.1	-
1_chr7_-_27165140	AD	HOXA9	G	ENST00000396345.1	-
1_chr7_-_27165144	AD	HOXA9	G	ENST00000673917.1	-
chr7_-_27164877_27164967	CE	HOXA9	G	ENST00000396345.1,ENST00000673744.1,ENST00000673917.1	-
chr7_-_27163841_27164877	IR	HOXA9	RG	ENST00000343483.7,ENST00000396345.1,ENST00000673744.1,ENST00000673917.1	NM_152739.4
chr7_-_27164967_27165140	IR	HOXA9	G	ENST00000396345.1	-
chr7_-_27164967_27165108	IR	HOXA9	G	ENST00000673744.1	-
chr7_-_27164967_27165144	IR	HOXA9	G	ENST00000673917.1	-
