Location	AS_Type	Gene_Name	Database	Gencode_Transcript_IDs	Refseq_Transcript_IDs
#LEPROTL1 ,chr8 ,+ ,30095407 ,30138348
chr8_+_30101897_30101973	CE	LEPROTL1	RG	ENST00000321250.13,ENST00000442880.6,ENST00000523116.5,ENST00000518192.5	NM_015344.3,NM_001128208.2
chr8_+_30104299_30104486	CE	LEPROTL1	RG	ENST00000321250.13,ENST00000518001.1,ENST00000442880.6,ENST00000523116.5,ENST00000518192.5	NM_015344.3,NM_001128208.2
chr8_+_30132374_30132489	CE	LEPROTL1	G	ENST00000442880.6	-
chr8_+_30095528_30101897	IR	LEPROTL1	RG	ENST00000321250.13,ENST00000442880.6,ENST00000523116.5	NM_015344.3,NM_001128208.2
chr8_+_30095528_30104299	IR	LEPROTL1	G	ENST00000518001.1	-
chr8_+_30095888_30101897	IR	LEPROTL1	G	ENST00000518192.5	-
chr8_+_30101973_30104299	IR	LEPROTL1	RG	ENST00000321250.13,ENST00000442880.6,ENST00000523116.5,ENST00000518192.5	NM_015344.3,NM_001128208.2
chr8_+_30104486_30105745	IR	LEPROTL1	RG	ENST00000321250.13,ENST00000518001.1,ENST00000518192.5	NM_015344.3
chr8_+_30104486_30137271	IR	LEPROTL1	RG	ENST00000523116.5	NM_001128208.2
chr8_+_30104486_30132374	IR	LEPROTL1	G	ENST00000442880.6	-
chr8_+_30132489_30137271	IR	LEPROTL1	G	ENST00000442880.6	-
