Location	AS_Type	Gene_Name	Database	Gencode_Transcript_IDs	Refseq_Transcript_IDs
#LHFPL6 ,chr13 ,- ,39342891 ,39603193
1_chr13_-_39602882	AD	LHFPL6	RG	ENST00000379589.4	NM_005780.3
1_chr13_-_39603033	AD	LHFPL6	R	-	XM_011534861.2
chr13_-_39378427_39378526	CE	LHFPL6	RG	ENST00000379589.4	NM_005780.3,XM_011534861.2
chr13_-_39600831_39601390	CE	LHFPL6	RG	ENST00000379589.4	NM_005780.3,XM_011534861.2
chr13_-_39344054_39378427	IR	LHFPL6	RG	ENST00000379589.4	NM_005780.3,XM_011534861.2
chr13_-_39378526_39600831	IR	LHFPL6	RG	ENST00000379589.4	NM_005780.3,XM_011534861.2
chr13_-_39601390_39602882	IR	LHFPL6	RG	ENST00000379589.4	NM_005780.3
chr13_-_39601390_39603033	IR	LHFPL6	R	-	XM_011534861.2
