Location	AS_Type	Gene_Name	Database	Gencode_Transcript_IDs	Refseq_Transcript_IDs
#MAX ,chr14 ,- ,65006100 ,65102517
chr14_-_65093707_65093815	CE	MAX	RG	ENST00000341653.6	NM_197957.4,NM_001271069.2
chr14_-_65101545_65101572	CE	MAX	RG	ENST00000341653.6	NM_197957.4
chr14_-_65006284_65093707	IR	MAX	RG	ENST00000341653.6	NM_197957.4,NM_001271069.2
chr14_-_65093815_65101545	IR	MAX	RG	ENST00000341653.6	NM_197957.4
chr14_-_65093815_65102303	IR	MAX	R	-	NM_001271069.2
chr14_-_65101572_65102303	IR	MAX	RG	ENST00000341653.6	NM_197957.4
