Location	AS_Type	Gene_Name	Database	Gencode_Transcript_IDs	Refseq_Transcript_IDs
#MGMT ,chr10 ,+ ,129467189 ,129770983
chr10_+_129536240_129536377	CE	MGMT	RG	ENST00000306010.8,ENST00000651593.1	NM_002412.5
chr10_+_129707894_129708043	CE	MGMT	RG	ENST00000306010.8,ENST00000651593.1	NM_002412.5
chr10_+_129759201_129759341	CE	MGMT	RG	ENST00000306010.8,ENST00000651593.1	NM_002412.5
chr10_+_129467296_129536240	IR	MGMT	RG	ENST00000306010.8,ENST00000651593.1	NM_002412.5
chr10_+_129536377_129707894	IR	MGMT	RG	ENST00000306010.8,ENST00000651593.1	NM_002412.5
chr10_+_129708043_129759201	IR	MGMT	RG	ENST00000306010.8,ENST00000651593.1	NM_002412.5
chr10_+_129759341_129766787	IR	MGMT	RG	ENST00000306010.8,ENST00000651593.1	NM_002412.5
