Location	AS_Type	Gene_Name	Database	Gencode_Transcript_IDs	Refseq_Transcript_IDs
#MNX1 ,chr7 ,- ,156994050 ,157010663
chr7_-_157006478_157006639	CE	MNX1	RG	ENST00000543409.5,ENST00000252971.11	NM_001165255.2,NM_005515.4
chr7_-_156994181_157008997	IR	MNX1	G	ENST00000469500.5	-
chr7_-_157005873_157006478	IR	MNX1	RG	ENST00000543409.5,ENST00000252971.11	NM_001165255.2,NM_005515.4
chr7_-_157006639_157008997	IR	MNX1	RG	ENST00000543409.5	NM_001165255.2
chr7_-_157006639_157009659	IR	MNX1	RG	ENST00000252971.11	NM_005515.4
