Location	AS_Type	Gene_Name	Database	Gencode_Transcript_IDs	Refseq_Transcript_IDs
#NFKBIE ,chr6 ,- ,44258165 ,44265788
chr6_-_44260042_44260282	CE	NFKBIE	RG	ENST00000619360.6,ENST00000275015.9	NM_004556.3
chr6_-_44260450_44260539	CE	NFKBIE	RG	ENST00000619360.6,ENST00000275015.9	NM_004556.3
chr6_-_44261625_44261848	CE	NFKBIE	RG	ENST00000619360.6,ENST00000275015.9	NM_004556.3
chr6_-_44262559_44262662	CE	NFKBIE	RG	ENST00000619360.6,ENST00000275015.9	NM_004556.3
chr6_-_44259284_44260042	IR	NFKBIE	RG	ENST00000619360.6,ENST00000275015.9	NM_004556.3
chr6_-_44260282_44260450	IR	NFKBIE	RG	ENST00000619360.6,ENST00000275015.9	NM_004556.3
chr6_-_44260539_44261625	IR	NFKBIE	RG	ENST00000619360.6,ENST00000275015.9	NM_004556.3
chr6_-_44261848_44262559	IR	NFKBIE	RG	ENST00000619360.6,ENST00000275015.9	NM_004556.3
chr6_-_44262662_44264981	IR	NFKBIE	RG	ENST00000619360.6,ENST00000275015.9	NM_004556.3
