Location	AS_Type	Gene_Name	Database	Gencode_Transcript_IDs	Refseq_Transcript_IDs
#PDCD1LG2 ,chr9 ,+ ,5510530 ,5571282
1_chr9_+_5563211	AD	PDCD1LG2	RG	ENST00000397747.5	NM_025239.4
1_chr9_+_5563215	AD	PDCD1LG2	R	-	XM_005251600.4
chr9_+_5522532_5522601	CE	PDCD1LG2	RG	ENST00000397747.5	NM_025239.4,XM_005251600.4
chr9_+_5534744_5535050	CE	PDCD1LG2	RG	ENST00000397747.5	NM_025239.4,XM_005251600.4
chr9_+_5549334_5549604	CE	PDCD1LG2	RG	ENST00000397747.5	NM_025239.4,XM_005251600.4
chr9_+_5557617_5557752	CE	PDCD1LG2	RG	ENST00000397747.5	NM_025239.4,XM_005251600.4
chr9_+_5563161_5563211	CE	PDCD1LG2	RG	ENST00000397747.5	NM_025239.4
chr9_+_5563161_5563215	CE	PDCD1LG2	R	-	XM_005251600.4
chr9_+_5510803_5522532	IR	PDCD1LG2	RG	ENST00000397747.5	NM_025239.4,XM_005251600.4
chr9_+_5522601_5534744	IR	PDCD1LG2	RG	ENST00000397747.5	NM_025239.4,XM_005251600.4
chr9_+_5535050_5549334	IR	PDCD1LG2	RG	ENST00000397747.5	NM_025239.4,XM_005251600.4
chr9_+_5549604_5557617	IR	PDCD1LG2	RG	ENST00000397747.5	NM_025239.4,XM_005251600.4
chr9_+_5557752_5563161	IR	PDCD1LG2	RG	ENST00000397747.5	NM_025239.4,XM_005251600.4
chr9_+_5563211_5569953	IR	PDCD1LG2	RG	ENST00000397747.5	NM_025239.4
chr9_+_5563215_5569953	IR	PDCD1LG2	R	-	XM_005251600.4
