Location	AS_Type	Gene_Name	Database	Gencode_Transcript_IDs	Refseq_Transcript_IDs
#RMI2 ,chr16 ,+ ,11249648 ,11351760
1_chr16_+_11345543	AD	RMI2	R	-	NR_130754.2
1_chr16_+_11345766	AD	RMI2	R	-	NM_152308.3
chr16_+_11295215_11295294	CE	RMI2	G	ENST00000572173.1	-
chr16_+_11312828_11312937	CE	RMI2	G	ENST00000572173.1	-
chr16_+_11316451_11316884	CE	RMI2	G	ENST00000572173.1	-
chr16_+_11249778_11295215	IR	RMI2	G	ENST00000572173.1	-
chr16_+_11295294_11312828	IR	RMI2	G	ENST00000572173.1	-
chr16_+_11312937_11316451	IR	RMI2	G	ENST00000572173.1	-
chr16_+_11316884_11350641	IR	RMI2	G	ENST00000572173.1	-
chr16_+_11345543_11350641	IR	RMI2	R	-	NR_130754.2
chr16_+_11345766_11350641	IR	RMI2	R	-	NM_152308.3
