Location	AS_Type	Gene_Name	Database	Gencode_Transcript_IDs	Refseq_Transcript_IDs
#SBDS ,chr7 ,- ,66987679 ,66995586
chr7_-_66991136_66991301	CE	SBDS	RG	ENST00000246868.7	NM_016038.4
chr7_-_66993216_66993417	CE	SBDS	RG	ENST00000246868.7	NM_016038.4
chr7_-_66994211_66994341	CE	SBDS	RG	ENST00000246868.7	NM_016038.4
chr7_-_66988499_66991136	IR	SBDS	RG	ENST00000246868.7	NM_016038.4
chr7_-_66991301_66993216	IR	SBDS	RG	ENST00000246868.7	NM_016038.4
chr7_-_66993417_66994211	IR	SBDS	RG	ENST00000246868.7	NM_016038.4
chr7_-_66994341_66995289	IR	SBDS	RG	ENST00000246868.7	NM_016038.4
