Location	AS_Type	Gene_Name	Database	Gencode_Transcript_IDs	Refseq_Transcript_IDs
#SDHAF2 ,chr11 ,+ ,61430104 ,61446733
chr11_+_61437624_61437848	CE	SDHAF2	RG	ENST00000534878.5,ENST00000301761.7,ENST00000537782.5,ENST00000543265.1	NM_017841.4
chr11_+_61438003_61438113	CE	SDHAF2	RG	ENST00000301761.7,ENST00000537782.5	NM_017841.4
chr11_+_61438294_61438342	CE	SDHAF2	G	ENST00000537782.5	-
chr11_+_61430182_61437624	IR	SDHAF2	RG	ENST00000534878.5,ENST00000301761.7,ENST00000537782.5,ENST00000543265.1	NM_017841.4
chr11_+_61430182_61445940	IR	SDHAF2	G	ENST00000542074.1	-
chr11_+_61437848_61438003	IR	SDHAF2	RG	ENST00000534878.5,ENST00000301761.7,ENST00000537782.5	NM_017841.4
chr11_+_61437848_61445940	IR	SDHAF2	G	ENST00000543265.1	-
chr11_+_61438113_61445940	IR	SDHAF2	RG	ENST00000301761.7	NM_017841.4
chr11_+_61438113_61438294	IR	SDHAF2	G	ENST00000537782.5	-
chr11_+_61438342_61445940	IR	SDHAF2	G	ENST00000537782.5	-
