Location	AS_Type	Gene_Name	Database	Gencode_Transcript_IDs	Refseq_Transcript_IDs
#SFRP4 ,chr7 ,- ,37905931 ,37916817
chr7_-_37909616_37909680	CE	SFRP4	RG	ENST00000436072.7	NM_003014.4
chr7_-_37912118_37912317	CE	SFRP4	RG	ENST00000436072.7	NM_003014.4
chr7_-_37914212_37914278	CE	SFRP4	RG	ENST00000436072.7	NM_003014.4
chr7_-_37914372_37914453	CE	SFRP4	RG	ENST00000436072.7	NM_003014.4
chr7_-_37907664_37909616	IR	SFRP4	RG	ENST00000436072.7	NM_003014.4
chr7_-_37909680_37912118	IR	SFRP4	RG	ENST00000436072.7	NM_003014.4
chr7_-_37912317_37914212	IR	SFRP4	RG	ENST00000436072.7	NM_003014.4
chr7_-_37914278_37914372	IR	SFRP4	RG	ENST00000436072.7	NM_003014.4
chr7_-_37914453_37916092	IR	SFRP4	RG	ENST00000436072.7	NM_003014.4
